{"p1": 8499.471291131698, "p2": -0.0214477428636274}